<?xml version="1.0" encoding="UTF-8"?>
<project-private xmlns="http://www.netbeans.org/ns/project-private/1">
    <editor-bookmarks xmlns="http://www.netbeans.org/ns/editor-bookmarks/2" lastBookmarkId="0"/>
    <open-files xmlns="http://www.netbeans.org/ns/projectui-open-files/2">
        <group>
            <file>file:/D:/marcosgomez/Curso/AADD_Maria/Actividades/XML/src/xml/Person.java</file>
            <file>file:/D:/marcosgomez/Curso/AADD_Maria/Actividades/XML/src/xml/XML.java</file>
            <file>file:/D:/marcosgomez/Curso/AADD_Maria/Actividades/XML/src/xml/PhoneNumber.java</file>
            <file>file:/D:/marcosgomez/Curso/AADD_Maria/Actividades/XML/src/xml/CrearPerson.java</file>
            <file>file:/D:/marcosgomez/Curso/AADD_Maria/Actividades/XML/src/xml/ListaPerson.java</file>
        </group>
    </open-files>
</project-private>
